"VKGGKYKV","Masculino","G","Normal"
"B6AGOHH1","Masculino","G","Normal"
"KB4XTCJY","Masculino","P","Normal"
"9PZFYDQP","Masculino","GG","Normal"
"SN07OHBJ","Masculino","M","Normal"
"XWNABBUQ","Masculino","M","Normal"
"LT0TWIH6","Masculino","XG","Normal"
"WAZOLKUH","Masculino","M","Normal"
"ES5N9UEG","Masculino","G","Normal"
"KLC1BPRL","Masculino","G","Normal"
"ZEMY4COQ","Masculino","M","Normal"
"RIYRH7FW","Masculino","GG","Normal"
"X0XAMIPR","Masculino","M","Normal"
"FNNTZIZE","Feminino","M","Baby Look"
"ACYO0OR9","Masculino","G","Normal"
"0MK52X4I","Masculino","M","Normal"
"OMMM9KDQ","Masculino","XG","Normal"
"HD1UWOEE","Masculino","M","Normal"
"CJWGY9QD","Feminino","M","Normal"
"6VHXHAD9","Masculino","GG","Normal"
"ZDHGEYLY","Masculino","G","Normal"
"SDYEVX2E","Masculino","M","Normal"
"9LQVPUQW","Masculino","M","Normal"
"5TPQMXJN","Masculino","GG","Normal"
"8PH85KBR","Masculino","G","Normal"
"TP8JAT7H","Masculino","XG","Baby Look"
"EDVJ04NX","Masculino","P","Normal"
"GBPSBG9C","Masculino","M","Normal"
"OYBZJ4RA","Masculino","G","Normal"
"9X4CFELF","Masculino","P","Normal"
"ZD4QW8XT","Masculino","P","Normal"
"DNP1Q7SX","Masculino","GG","Normal"
"ELFUDOZP","Masculino","P","Normal"
"VPICSGXE","Masculino","G","Normal"
"WEKIKEXH","Masculino","G","Normal"
"PL4A47G0","Masculino","GG","Normal"
"AYBYWZ3R","Masculino","G","Normal"
"1MY6EOZG","Masculino","M","Normal"
"2GAOJTOE","Masculino","GG","Normal"
"JOKGXYZY","Masculino","P","Normal"
"5Z7MMVL7","Masculino","XG","Normal"
"7YJVJDF0","Masculino","M","Normal"
"7NBOFE9E","Masculino","M","Normal"
"XZ4RC0K9","Masculino","P","Normal"
"PVVZV5VS","Masculino","G","Baby Look"
"V33NXBE9","Masculino","M","Normal"
"7Q91BXUW","Masculino","XG","Normal"
"GEGKR1Q6","Masculino","M","Normal"
